{
  "feature_names": [
    "fill_pct",
    "edge_density",
    "stroke_length",
    "corner_count",
    "num_components",
    "hv_ratio",
    "variance"
  ],
  "feature_importance": {
    "fill_pct": 2.0772928485108406,
    "edge_density": 3.973303589550305,
    "stroke_length": 1.744302688082163,
    "corner_count": 1.6504226535174717,
    "num_components": 2.707487820323266,
    "hv_ratio": -0.8315692112874253,
    "variance": -0.2918320668215705
  },
  "scaler_mean": [
    10.553144697959606,
    6.212693189163778,
    6.480895575013222,
    336.9030769230769,
    5.036923076923077,
    0.8588535786419053,
    4338.1397270764555
  ],
  "scaler_std": [
    2.268393658498534,
    2.3353877082752525,
    2.6250135810931163,
    408.38926922888385,
    16.908309920825864,
    0.0685387527335641,
    490.0890445949408
  ],
  "training_accuracy": 0.9923076923076923,
  "cv_mean_accuracy": 0.9861538461538462,
  "cv_std_accuracy": 0.008970695222838934,
  "num_samples": 650,
  "num_checked": 126,
  "num_unchecked": 524
}